"","beta","eta_11","q0","e0","fc","delay","tmax_error","u0_error","zeta","lp__"
"1",7.14199800079378,0.366390431293579,1.05300790556587,0.268333195128131,0.487570704979763,0.0831878193254218,0.433202233531267,0.207101053391846,1.04201771565063,-206.228201401982
"2",7.13580769215345,0.376504737744435,0.995781952863795,0.269340197206563,0.483709085089536,0.0277285435781168,0.447798066197741,0.341083126256692,1.00971883750253,-205.409607014795
"3",7.13354992052473,0.434020102474157,1.04453996748294,0.219817812036781,0.48764359638957,0.0494938262263507,0.275219038757806,0.155140979063947,1.14635096302033,-210.976349395911
"4",7.00980385395522,0.420500664464383,1.19532064820865,0.222606944835183,0.478396704699872,0.605185879455234,0.414323418183206,0.0687115141770965,1.18475730478085,-209.661739815316
"5",7.0459271417575,0.354125539560493,0.964795320020138,0.265588337731093,0.482797908614613,0.211876584367382,0.413764051984677,0.391594919539115,1.10824343334109,-203.534590519189
"6",7.07153480087277,0.342751965276417,0.962311113455008,0.242135216842895,0.483605019295017,0.147078447077248,0.205722553711632,0.302832495567448,1.29133859376135,-207.785660216943
"7",6.99277049743057,0.363825726275753,1.09055103302207,0.274683455470523,0.485354712619251,0.0889611085004339,0.359248952977097,0.184617230115625,1.03789256735661,-205.485967046817
"8",7.02014762355944,0.328965202963116,1.14870447519664,0.286639637919007,0.472951060220852,0.00322435304217205,0.510609428289024,0.138483560020974,1.07764699143721,-208.119719470389
"9",6.97310812605735,0.337949056439739,1.01071873873565,0.2696392908409,0.471907150314302,0.0487082797472407,0.453416039642959,0.289899634402239,1.14941427808618,-205.373160721257
"10",6.9808364312284,0.377488639563867,1.01575900818904,0.24400611972697,0.478190556572536,0.0820085074592519,0.389461458411188,0.238171067535094,1.17572624546595,-204.500638284601
"11",7.07097347908003,0.363860017322874,0.850375992091925,0.269435637900602,0.473482453678964,0.209217026222737,0.330643645323631,0.945795756281863,1.05387693564382,-204.481099549664
"12",7.05751775674187,0.351411753776111,0.838001536768716,0.277287670485499,0.476765475455628,0.148751360413875,0.505347137166448,1.24308576543157,1.0509127032619,-203.306990631982
"13",7.10857577646637,0.360533567036233,0.859223330961005,0.275278548783868,0.477649512429615,0.216840209064621,0.508362218344855,0.943279005294085,1.02723650250217,-203.682725702982
"14",7.05309058344448,0.342166354557398,1.03461277589823,0.283376459769729,0.479378730278805,0.320008332078246,0.579816972845265,0.275900097599139,1.047877548448,-203.948472219704
"15",7.00229002844124,0.347223655036722,1.07853554528023,0.282932652532981,0.477945207001493,0.122235003558095,0.57558402274271,0.20919253411872,1.04238337557325,-203.007433013212
"16",6.93740383741546,0.352264055552135,0.869236426453595,0.246406457966118,0.475162009746009,0.188972891119323,0.347929859234807,0.684225231850976,1.2514680750727,-205.467310055511
"17",6.93763110283306,0.341809182517815,0.933481603476842,0.286552606030908,0.481840765497512,0.0434190134824423,0.503900752907671,0.544047931039676,1.04993560747409,-202.994719194652
"18",7.05194099067184,0.2879051254146,0.97075972063112,0.293486242322196,0.480547224465035,0.376453600080277,0.51620871760264,0.441763242602257,1.18569997134739,-206.610886084232
"19",7.07419488744686,0.27677089089939,1.03668046081772,0.333162852179791,0.481048648700773,0.28165515028851,0.540673325132272,0.345343327207748,1.02227039113306,-205.662479475288
"20",7.09231143157619,0.263822507627165,0.981537918553019,0.344373231886623,0.482558335287182,0.469673907727854,0.690075790357308,0.632824804226265,1.01748414058583,-209.230770681425
"21",7.12989378147618,0.239260352771476,1.02542455854337,0.325736079390733,0.483025860891853,0.0946096192421885,0.389617154498322,0.3302563535508,1.21341751092896,-211.637185069013
"22",6.9392359516409,0.242158325117001,0.936098098261177,0.351229261983878,0.481116787890125,0.292342032084647,0.403712571879232,0.702039332067366,1.09923235542425,-208.407596999428
"23",6.98431868562371,0.245462256735716,0.851203742123106,0.358380984187538,0.477524723011075,0.209402490277522,0.413012324802445,1.46119614503772,1.04429572169823,-207.724898529082
"24",6.93587581390775,0.252868778457989,0.824340732438251,0.357722040328828,0.474825169959625,0.224976819486417,0.333838566135155,1.76211959333508,1.02371908721786,-209.358975566415
"25",6.95987822237353,0.254315816085682,0.799439882433521,0.348651163311408,0.474496383116413,0.271566599144556,0.348428070099683,2.17690780336348,1.05547393373785,-211.364427073954
"26",7.00959619936683,0.265969091275655,0.822209462327276,0.34145326624444,0.470791353298666,0.199488097611006,0.378723410241022,1.78758389743602,1.03450158133875,-209.052635395787
"27",7.09305661839271,0.277889321570327,0.873196208139156,0.331114210511587,0.463919735980753,0.340942775050553,0.375795503761905,1.0746083887061,1.02487019803502,-212.055814891008
"28",7.11614395130744,0.284630584270105,0.948886358269326,0.32608161777197,0.468569646321021,0.192462786443894,0.419928019539274,0.61934990092977,1.02036298727646,-207.98163080449
"29",7.1667634345509,0.284446610482808,0.910847749954946,0.325263420511117,0.472869134854038,0.255791790163464,0.4109792704266,0.80273753270672,1.0175955478419,-207.933590622161
"30",7.15648488196608,0.274886433266919,0.919313819813184,0.324449626502773,0.470352676142154,0.0838372268749847,0.420108947513606,0.707406335814118,1.05841843481015,-209.672366763877
"31",7.06039837548833,0.292681217336282,0.882299457831433,0.270810469095956,0.479211547310974,0.0201944854335335,0.433671004292091,0.76378088492056,1.30301950356737,-208.205307737292
"32",7.08306440317389,0.335075966584288,1.06549644376335,0.291908495112647,0.47828841439309,0.0365710854317464,0.448160213711953,0.213566697778362,1.02206420923619,-204.429921957422
"33",7.04578431264133,0.311993750773141,0.914057042660345,0.293378496572645,0.473283534416543,0.280825066068288,0.357758333358872,0.601336252560597,1.09567898309401,-206.091976303989
"34",7.02916571145154,0.343256464693604,1.00278273822153,0.290165889715195,0.478749749965971,0.0596688759085184,0.367455963609601,0.316363507482939,1.0138833709243,-203.305056579924
"35",6.99597993176962,0.306854196896689,1.00157175493286,0.298055766407582,0.479001866346959,0.137671487918389,0.255686159793764,0.356428385996762,1.0970450436549,-206.707906231992
"36",6.91850869794693,0.389291547237379,0.953966105147038,0.246969542312487,0.480452719291853,0.053760223260216,0.257083833347856,0.352457531393227,1.13209189281507,-206.255974723562
"37",7.08420114841976,0.364542205509339,0.814232235221489,0.258689555180298,0.481934846872822,0.0230646547606432,0.178562575607727,1.13875064517405,1.10964107494551,-208.179450931228
"38",7.16867935147634,0.345445607726591,0.826272137417748,0.283015148548346,0.479990828160121,0.0121740072583517,0.223932914552663,1.16267476675342,1.02301374212009,-209.163067723814
"39",7.00332930121906,0.369240373409502,0.822367805951614,0.273167695913583,0.481736384750506,0.27020930704528,0.207546608532207,1.12474932547249,1.02894261063827,-205.259103559157
"40",7.01921790468891,0.364188118508843,0.786859228709367,0.276523403710874,0.47820928835755,0.314498037369311,0.218203719704057,1.65700414101993,1.02347701750221,-206.329355061876
"41",6.98235972237586,0.392097463672257,0.804296735663812,0.264606031140544,0.473908377892448,0.258371697755933,0.258148930490644,1.41306594111201,1.01513563321002,-206.269964771513
"42",6.98815954767,0.379286702578162,0.772106752401593,0.266334849406238,0.472797550505624,0.112889029105318,0.279452015749239,1.65709087567675,1.03929650001989,-207.261560136471
"43",7.09120056933739,0.410813888101651,0.837240532837358,0.25189918062264,0.482012776304208,0.16950713027736,0.376262440596184,0.933284500486318,1.01945600710383,-204.854162482462
"44",7.10512564824702,0.381599193223408,0.866919012967556,0.258871349775406,0.482128863644137,0.195932338690935,0.299374809158847,0.776352156284363,1.05591851207756,-204.777662264602
"45",7.12631791502338,0.350735574497921,0.756649295584892,0.263666392689836,0.486028621249668,0.214048366661047,0.413224281781943,2.10383816782619,1.11731295530609,-208.931576120465
"46",7.14678734781996,0.339517042732044,0.852537000516867,0.287052745516293,0.476378678915646,0.0461425787282109,0.56534940066904,1.1097873174909,1.02358345294723,-204.913484730416
"47",7.11974490631342,0.350950603286137,0.85004347183087,0.278778838778283,0.479811690336265,0.0557538438153129,0.588637040029519,1.04649558344983,1.03537632269561,-204.33418165726
"48",7.03666787409644,0.368724003878701,0.90866919001726,0.253243680658263,0.478357027477241,0.0592985287219664,0.575492301899303,0.601690319859611,1.13650624208016,-203.63399132163
"49",6.944700583037,0.348683303878005,0.987731987644634,0.267568380377355,0.48061281503104,0.0574062779406056,0.483375009290665,0.352647144700818,1.13044026065887,-204.070632994177
"50",6.93242164020007,0.360322389750138,0.970299684223848,0.285212571906606,0.480292216808405,0.0197979979128155,0.4042536140541,0.414808720197952,1.00330279478635,-203.395326648205
"51",6.88730560247065,0.368110319647467,0.980950641386963,0.277946805981576,0.477702600500195,0.0432004960200282,0.391535275810416,0.365768329827285,1.0246608879304,-204.171133023048
"52",6.99779414206253,0.410602366179916,0.867940104790476,0.231190492723022,0.478335219471915,0.0351486176415307,0.480287956100242,0.668126379469452,1.15735386017352,-204.89040148046
"53",7.05908520680164,0.3840920360342,0.881756752282724,0.237135712348889,0.478476370872636,0.137293352701065,0.537693872646176,0.655790814651444,1.18649686472744,-204.212171788285
"54",7.14933150191434,0.309356527253808,0.912196748744903,0.298748569734938,0.481979821885264,0.114349320074377,0.442407115703211,0.693185308040552,1.06131232190904,-205.243044405262
"55",7.08293414668102,0.274858139419661,0.786891302066466,0.307925337571078,0.474310504135784,0.107714498393764,0.441258964283931,1.97016212269202,1.15447814815897,-209.715117123671
"56",7.09329277345335,0.304075226596773,0.816213751794993,0.308903547650776,0.476833228049313,0.118977718196397,0.537740130266005,1.56346794274922,1.03725811898695,-205.919070945646
"57",7.03026991197429,0.320950487679664,0.813807855487307,0.284616562502646,0.472029532523038,0.0595411705642718,0.750673435855125,1.49326507871764,1.11395763129157,-208.552568355227
"58",7.07816490586597,0.325785427266462,0.920273195262884,0.301696577378394,0.479453792287198,0.0351210739610182,0.634506640721677,0.784953465236775,1.00374052077702,-203.901502680687
"59",7.03539807698915,0.329917006569799,0.924181056795775,0.282518847891894,0.478526655578329,0.0291761500910806,0.668038713474592,0.684147749374574,1.09413192805563,-205.001458466601
"60",7.08795658334676,0.313590239251153,0.949144876620168,0.287187305278457,0.474022929512788,0.0224282355607803,0.366135634364524,0.480355624207769,1.11667450779396,-206.40479853064
"61",7.10423964534956,0.31378096818751,0.969844832087117,0.309507965867779,0.478332448976979,0.0678021794579967,0.296484248677596,0.426965247332929,1.00078926910033,-205.458825825982
"62",7.13147997011733,0.316735195520791,0.963006983227338,0.299311322934342,0.477883717031351,0.0543077091597724,0.302997728563558,0.454457460422723,1.03639655685767,-205.909786467298
"63",7.07011490767342,0.318577250961923,0.959589870468526,0.30143928934949,0.482374268827383,0.1049851607476,0.161457970683155,0.459885311684022,1.02887606905343,-207.247843643126
"64",6.94922458310363,0.334881362073784,0.939717235091103,0.233247462741107,0.486008204873887,0.0236224290548585,0.0860986643243859,0.316070095885511,1.41257322110981,-212.870755546378
"65",7.0852106460741,0.383778247406355,0.977871148228051,0.196963375921402,0.487829847948729,0.282240578675584,0.316725480655889,0.202078361543726,1.4993973931404,-209.9203854803
"66",6.96953304603862,0.33877332086378,1.0152892068035,0.253963936655613,0.484381156642096,0.142028663136334,0.575193196632588,0.239226319918898,1.24415614338822,-206.176209489495
"67",6.91192737950841,0.376039712026603,1.0864567657221,0.259307719294696,0.477999862539655,0.0195015686859475,0.371171439456661,0.166310339534465,1.09897925672927,-206.208192977319
"68",6.92506227588986,0.376043855572948,1.16385557338497,0.260094270769763,0.479837712849171,0.0525767839115367,0.454700619797894,0.0878060996438049,1.0924043582925,-208.875507921215
"69",7.07251779976229,0.329773026607537,1.32355735153676,0.266923026120779,0.476604681539391,0.0960168340370096,0.65777595415174,0.0446176861206756,1.17753644984078,-209.308778729087
"70",6.98171951561899,0.37391646489025,1.22279530926519,0.245992505876496,0.474200195628695,0.166269495698727,0.381653751349043,0.0610597387162766,1.17413166115405,-207.440514233842
"71",7.03504139377559,0.397899097491561,1.20137788829823,0.255441159660983,0.477852840413657,0.323885269598116,0.403411259746079,0.0759129011418498,1.04128241963377,-206.356157597921
"72",7.00117445864908,0.439020676182747,1.09317144204437,0.239641588062376,0.46821633821403,0.0342197922496982,0.489239105461374,0.153800677039606,1.03228660504502,-209.094513751638
"73",6.91727376136369,0.406384450958954,1.01920944487688,0.254337369479641,0.47952659118624,0.0473889184340653,0.456717990327039,0.25163619377871,1.0429419993227,-204.48419213428
"74",7.01852108992749,0.324914145297,0.836879669000301,0.286040604093458,0.475513029063829,0.0425624708151514,0.464744130087485,1.18731330829578,1.09453990197361,-203.972982975352
"75",7.01788199577088,0.319689268759034,0.862287186048223,0.303790106934255,0.475225907956023,0.116767477822204,0.391302494577406,0.998903897696172,1.02148605910319,-203.357665251049
"76",6.99053523426325,0.322125986217037,0.855734498995846,0.304422129819312,0.476092562355718,0.135320559544634,0.415285349448382,1.11837590339797,1.01468992022475,-202.670972968204
"77",6.95834679511467,0.31213660689439,0.848850322091394,0.30571792816977,0.476813544386409,0.119635544550092,0.473064076184086,1.16965843556031,1.04559685525006,-203.318233946903
"78",7.09093551843332,0.335271871581127,0.865786109779637,0.285370676213719,0.48330940067842,0.34992490696964,0.483583121285415,0.94871642870661,1.05334547418736,-204.125132366524
"79",7.08660429600568,0.360079729128815,0.920455188413482,0.280854342763758,0.484885156526579,0.193425849261766,0.577141110199261,0.653336101188068,1.00345722011658,-202.948738343548
"80",6.94801255228836,0.36196128865868,1.04257318828666,0.252707084231998,0.476406237037592,0.203664115690325,0.528924557693578,0.219159388156138,1.17584676399502,-204.694420984694
"81",6.98730877858078,0.366197247934447,0.957831382482693,0.246101048929019,0.482963071361659,0.424339591799103,0.590648237704606,0.350140913084375,1.19722192735454,-207.327408593461
"82",7.0771561095841,0.348748023881949,1.04053549856789,0.285467758022939,0.490096496776973,0.135242412521783,0.676143560788875,0.295148524827606,1.01413141266328,-205.969138577866
"83",7.01990508089093,0.34573905083713,1.08133596205236,0.289115968462306,0.486484983687757,0.0243081540540441,0.656983870981761,0.219338505547571,1.01308761067486,-204.783185612219
"84",7.07333375604728,0.389747393622097,1.06824181777977,0.248791956663314,0.475741075945073,0.104873723460364,0.537064519916694,0.171595627764413,1.09525822504901,-205.29958961817
"85",7.147538552586,0.390579238777453,1.01015132660483,0.230042644470985,0.468950210884771,0.0340809683694048,0.54079263977967,0.267058562495129,1.19892677617242,-211.66433333833
"86",7.10249291424407,0.384542692814246,1.1174248874924,0.259793416185785,0.486091715710744,0.0334944036619848,0.687573298055163,0.140034640819305,1.0432044490227,-207.279793671899
"87",6.95106154257797,0.397847754223986,0.998207214775517,0.264638113923681,0.488177681710064,0.0708725009182757,0.526948317095926,0.31491107259599,1.00480243620402,-204.331319640183
"88",6.97394512071306,0.398530781677381,0.993805777159528,0.257291491896303,0.487559853185549,0.0922499245131715,0.496164798418186,0.317462463305637,1.03861018531321,-204.274387976219
"89",7.10693295089363,0.365955136896051,0.997921122402988,0.240044350911308,0.474788832456619,0.0567492964934325,0.579607904314469,0.277453053096015,1.21726936370034,-206.325459813814
"90",7.09916928778073,0.34964559104085,0.84484743728466,0.270358102365516,0.47770754346899,0.0646037947219003,0.518050828291072,1.10480620522287,1.08726344270936,-204.000782139201
"91",7.07266268431078,0.352973776072644,0.912479854344017,0.280652732825222,0.479637497636509,0.229941086999009,0.552381373713565,0.652971401049366,1.02670088353247,-202.693735162786
"92",7.08259948447696,0.368189308125674,0.910290850526545,0.275700552268837,0.481533202366917,0.491357083868154,0.574449124783259,0.741115142934269,1.00743413420351,-204.661359360433
"93",7.11033913913311,0.37659349292147,0.989176941896089,0.25393235793602,0.48029575893914,0.143582225640021,0.472261370343515,0.330963583228668,1.09722837904021,-204.713239167036
"94",7.09616213286643,0.373694393179561,0.892636628788873,0.262730213176108,0.474974784563439,0.10667941595366,0.576798655185256,0.728099926656704,1.05822083317333,-203.745730823292
"95",7.01797379680523,0.342077509638902,0.955477533187884,0.282735846611796,0.482168761028597,0.020276937235482,0.442642310848399,0.436051704962509,1.05672501585904,-203.695099638375
"96",7.09718365514067,0.311637726829116,0.902284826833395,0.272579113911528,0.482007203890828,0.00673278366210017,0.476448140303345,0.669947629792807,1.20658277098315,-207.725098545078
"97",7.04805651939163,0.304302556904556,0.90219167151199,0.306030164788025,0.480822696244141,0.0151056637857268,0.43894235399989,0.734074847399591,1.05730765761333,-204.773035296148
"98",7.13972020167905,0.295130251922304,0.907012239656993,0.308832632827802,0.483091018747428,0.00543472679379352,0.600197104884889,0.921438203586324,1.06209929409267,-210.644229018684
"99",6.91025580435249,0.343753141916051,0.782293512630226,0.282358707940774,0.485415636832634,0.020729009219602,0.530102786861951,1.77546968517064,1.06995480340758,-206.858099541054
"100",6.95892382866537,0.377816065185801,0.819512856614598,0.275404769740678,0.485753476309616,0.028107646318464,0.553698131407668,1.41540065852451,1.00069449319474,-204.222475257074
"101",7.07301651670427,0.307533327161691,0.916162168122087,0.310253882198467,0.476363975056494,0.500859609994098,0.465943314739564,0.814433806028518,1.02205715093558,-205.861962593384
"102",7.08903063512836,0.318399922122019,0.987545519474867,0.276505804774394,0.473381373256069,0.553221687852723,0.574453969651822,0.411070710570017,1.15923368402078,-209.004471676805
"103",7.07157039054205,0.330997242794876,0.990779023831766,0.296112046204955,0.479496515978206,0.495127937251924,0.577346575640626,0.425919282894455,1.01556380155931,-204.547681437513
"104",6.95369718583851,0.356342301218227,0.957590585312743,0.268603367796441,0.483115780804807,0.427712254092153,0.610311377424686,0.429684294535872,1.09890044154104,-205.35958394159
"105",6.92645609123055,0.374898408084197,1.01450243634225,0.276053068561198,0.482343366262166,0.419721274335616,0.641206364328846,0.324741157262059,1.00992580886903,-204.683617119745
"106",6.93663711079543,0.375805224734389,1.03109361499986,0.274176105656987,0.483780912990685,0.419608668341332,0.702660106893342,0.317144092257261,1.01552324557131,-205.830391670492
"107",6.93058347403093,0.356516779384932,1.02794568011732,0.282994203034298,0.480491514966809,0.361633973469518,0.635969077007468,0.321244889805565,1.02540481935565,-204.283426410005
"108",6.9445196203913,0.383976258005485,0.973388520384304,0.260568455630024,0.476088468149194,0.339045301261608,0.542495366921552,0.385725852017668,1.06421543533652,-204.148776845115
"109",7.02522689088203,0.367008687968939,0.935561558842139,0.259787261593674,0.472811577108394,0.360240066266706,0.491001605525538,0.466210764031924,1.10510107757319,-205.266551388289
"110",7.05307013260606,0.34413665642444,1.02069362769361,0.270506331401939,0.483396388057878,0.3301317717951,0.38929050842265,0.276552934680327,1.11105345758357,-204.956981936942
"111",7.05262157414924,0.376712304719722,1.01072372513149,0.255346125097662,0.481186688149311,0.445036351559398,0.687631535599505,0.286862355123338,1.09765230736502,-206.568662025344
"112",6.98762611417454,0.367748369985396,0.961594393085204,0.272291280407074,0.474559692764878,0.405030113765137,0.454534560147225,0.431899577306799,1.04002416199816,-203.866327391925
"113",7.05091927574196,0.36829952170763,0.908905047491113,0.229918886071227,0.481485682313799,0.372494008546884,0.551824735795699,0.468957647804411,1.2897778919079,-206.535796553645
"114",7.07973346412961,0.391923539910105,0.831740733528968,0.237613476356797,0.483036978309838,0.357957000632659,0.353567857506247,0.97710478164127,1.15634089677349,-206.416419666768
"115",6.92041950243547,0.367228741029331,0.946213098856387,0.248751983790731,0.47880814980492,0.383991593227098,0.575164440608616,0.426871760257121,1.18835911086818,-205.662307029393
"116",6.97068877035338,0.30383126646257,1.0429695741565,0.276641676616603,0.480474386362516,0.413046521671914,0.554502900525083,0.239963856004602,1.23460411026503,-207.159129276888
"117",7.05486006752391,0.329887854287664,1.05840737388934,0.290749308829588,0.47742376447982,0.413788280085071,0.324915715991271,0.217399311741448,1.0481570181694,-205.621086657866
"118",7.02798898381034,0.331852566494186,1.04819599295809,0.288738680591785,0.478191454440978,0.425757219855551,0.580504452331067,0.257191236414857,1.05620439575337,-204.967081079802
"119",6.95202856194495,0.366965350463028,0.880214336336387,0.240079944904846,0.478964933086342,0.385061215889693,0.322564451634835,0.57862555132463,1.24072466642615,-206.044366822063
"120",6.90660499325897,0.351356685365866,0.902183765912553,0.243744160472676,0.482183984449774,0.476887672909138,0.453600778541256,0.508492375829505,1.27856167304874,-207.406350121329
"121",6.7842367639186,0.365805681166059,0.950644781683938,0.264533417157466,0.488681530759475,0.606241234981246,0.333101633687556,0.454513211548058,1.12029129279503,-213.775513741624
"122",7.02732094689215,0.352428137250093,0.918135677217252,0.229047370188455,0.47837120909426,0.497872085447542,0.404954056138286,0.476142383699298,1.35907061086646,-208.579117677818
"123",6.97607546421817,0.407505785894079,0.940051116833529,0.252009456464087,0.484372810586743,0.610922891662506,0.475939516829579,0.412133710476071,1.04408130705974,-207.852583213879
"124",6.95429278257479,0.320538203804052,0.960626100765748,0.289656645673064,0.476274562287703,0.849639105168799,0.308486543513923,0.478951352047455,1.10015038415798,-208.79760836721
"125",6.89445338468573,0.331563723847133,0.897558057237497,0.300190597475784,0.473308695055059,0.714483268992545,0.462120588822377,0.919327429864062,1.0198019543098,-208.513249464459
"126",6.92687097811126,0.328224768195184,0.870142283440427,0.304266421802907,0.478260340903173,0.94576200244262,0.44779019045483,1.0096975525031,1.00572787738191,-207.773153444772
"127",6.95263355041446,0.331275858623829,0.932336104172858,0.293960457513623,0.486713597444624,0.934016060493213,0.230345057617522,0.556647418045211,1.04279990305589,-209.568225688669
"128",6.92049586507869,0.344831723241266,0.890255393242186,0.276275563337895,0.487743920354548,0.919812750585657,0.209929353386597,0.663333332700795,1.09770675763414,-210.890649745182
"129",6.8944725625471,0.346483982497213,0.893528259341149,0.289162930560146,0.484369066362564,0.540485822250526,0.335810720164478,0.685567434467415,1.02906602509536,-206.623318816147
"130",6.97099647470741,0.388583314991535,0.959525371928205,0.240079933314653,0.477139122553562,0.523271107400943,0.598295933129344,0.40245671777427,1.16851162936355,-206.930688229719
"131",6.90203537888673,0.397394790398705,0.944976982320842,0.260102295615239,0.47189170020126,0.534909510122151,0.54565017037836,0.484731364885773,1.03711793370103,-207.114125218632
"132",7.04726627953264,0.372870317072098,0.900964282373364,0.259648624001918,0.476292493342423,0.564841052919352,0.434746079964995,0.614218108318275,1.08510900830896,-205.410702044202
"133",6.99127347860247,0.317646132459168,0.838266342136701,0.281700994934083,0.476639053960923,0.548202979447128,0.495854207805922,1.18684354233456,1.14819862196236,-206.254272504771
"134",6.98618169955864,0.337823074176745,0.899688419396138,0.257463348439816,0.476079330224587,0.563441910460101,0.637091353961902,0.640692914056697,1.22200588009006,-207.621775035727
"135",6.95683176181925,0.378868771667116,1.01845093670649,0.260028740630873,0.485988897349244,0.855251058099406,0.481896790041676,0.279884390707019,1.07967535599087,-208.412066270029
"136",7.0403298765971,0.330433516598236,1.09499001903895,0.280008701397947,0.484812219562653,0.597825583616013,0.360505292194282,0.160428065908493,1.10529605371913,-207.687047721498
"137",7.00534063394469,0.368606788218971,1.22448535623179,0.249420201963535,0.478274706492819,0.504908088757298,0.512059997086638,0.0791433115914462,1.16539367865124,-209.803250199788
"138",7.03886418245354,0.368319239057729,1.23672162909691,0.222192300139103,0.479612214953126,0.362872588942547,0.222446135352748,0.0455712753315479,1.35025639608528,-210.309462087106
"139",7.07814526523919,0.368884487771808,0.938014405101477,0.21201931686066,0.481491795193651,0.411235014921118,0.184979986438218,0.305097438720673,1.42341086360408,-209.83609308951
"140",6.87333930579483,0.372344560993464,0.91245998376155,0.26276624748347,0.474282757876754,0.257203997179166,0.375897143875992,0.52877804007621,1.09628338788143,-206.028709089051
"141",7.01757942909378,0.372914699766485,0.968500470061321,0.272682178333989,0.478208770393937,0.242617125714912,0.356647327332813,0.409253516096611,1.01922633072211,-203.062527348599
"142",7.0148423101271,0.385787809081865,0.890333989299139,0.264515623649206,0.467275572049489,0.226534549070112,0.571881858055619,0.76097910270355,1.02743820365912,-205.891960038635
"143",7.06806266461664,0.363719671605228,0.853126840747451,0.231304253944687,0.477387580574728,0.230138025849824,0.557632471363002,0.755612257923146,1.29271764312308,-205.726927998088
"144",7.0294157692389,0.396767179095614,0.885531798981128,0.245561230918995,0.483718260942415,0.205319241083026,0.665895389834343,0.734220880035573,1.10156270805851,-204.754867158527
"145",7.03989817934536,0.396301968092902,0.891101787104271,0.236470997151049,0.485134656308505,0.254240819794583,0.512269491734052,0.661695017070102,1.15732423839018,-206.742953527743
"146",6.97519703886771,0.429816010195258,0.929142235554709,0.234362027369429,0.485428017780493,0.219897244881564,0.340558641181694,0.406320908935375,1.08967540754821,-206.22537044222
"147",7.04267602742041,0.405118008841191,0.962527968259967,0.253916612055271,0.471801586892866,0.198130896455866,0.682493136368711,0.405847908911555,1.02985716607386,-206.170708044454
"148",7.05611436361598,0.368439028192485,0.931645771530669,0.260756681722633,0.479994480062264,0.218153447414754,0.382472951504194,0.498411621194247,1.09048757804757,-203.587581193269
"149",6.96756670646381,0.337460914997362,0.890482966347285,0.264785187726439,0.475890439727255,0.27363792388632,0.435355347508454,0.644634219207048,1.18090767834606,-204.6150540708
"150",6.99070335014448,0.32105481682791,0.937500121566157,0.298307827123026,0.471233795932375,0.192434031510042,0.399361960993189,0.524218962686524,1.04804980160134,-205.506867843185
"151",7.02338625328105,0.292873649032543,0.904551570563503,0.286724295446847,0.478165007104444,0.154466505956254,0.370953497262287,0.655475174682076,1.20938919909147,-205.531481529236
"152",7.13019231201046,0.308833729909144,0.910858444795795,0.262290796958942,0.4726535376449,0.177732707574836,0.114490412979349,0.521939863594521,1.27725078563848,-212.869255752414
"153",7.05681653628916,0.365426263205275,0.895547106721247,0.273522688803826,0.480077870746808,0.14335533969504,0.44104981091685,0.718128203976242,1.0299594213396,-202.189605288161
"154",7.04891350247502,0.380082253722171,0.887911781337967,0.269588975510857,0.476861304387981,0.159028391039383,0.585885289180956,0.759284106859538,1.0112660264815,-202.58374941282
"155",7.03129302711687,0.382741013957895,0.88494315625823,0.269473598985753,0.474769370135289,0.170544775458844,0.504207848411149,0.79172772428366,1.00734791687385,-202.426965878208
"156",7.00795441627057,0.36503842631906,1.03302421970289,0.261420211319987,0.4810967307989,0.106845738575876,0.372561577807815,0.22031964487842,1.10440510583295,-203.804053792247
"157",7.00622744906077,0.405452427843468,1.05343204498048,0.241605800963775,0.478927439719021,0.113238522217262,0.579103752553815,0.204710671424312,1.10500312831584,-204.682705776301
"158",7.01846859844988,0.377448144936463,1.15690796941055,0.261147503100175,0.481184118780777,0.108809087741329,0.355020616969047,0.106858166056265,1.06800235691347,-204.844239642692
"159",6.85919901971646,0.373314283956146,1.24686170763727,0.274000752901801,0.469619979799292,0.190802206293748,0.132893602887146,0.0657935523591479,1.0347523051727,-213.584613774108
"160",7.00587451878039,0.333561324797266,1.24205476052229,0.258372104628033,0.47972546006147,0.14172687601222,0.234987515634271,0.0571603015362771,1.22829416712023,-208.521010534996
"161",7.09800663513415,0.344403395320305,1.23630681444195,0.258597411070664,0.475595683038091,0.200387316166617,0.565369074700775,0.0737215300576162,1.17280578702876,-208.73764617686
"162",7.06406256899021,0.364692033661608,1.30510339691708,0.254766562234802,0.485682603448384,0.219642942351295,0.606402589309242,0.0491145365001828,1.13545281707865,-209.027424712165
"163",7.03989018535863,0.379530660980749,1.29885517221713,0.236679890178266,0.485819504922599,0.238063314366873,0.408373374834239,0.0407081252012613,1.2070703814643,-208.925049098069
"164",6.93582362470987,0.414351443189024,1.22880829076632,0.240880919006107,0.48215341763255,0.275271787218647,0.466978840755138,0.0619565635024105,1.0965807352866,-207.537075965278
"165",7.0438508042171,0.385114538985575,1.1052220852091,0.232558723591943,0.468724966403612,0.227823817349075,0.491634708585951,0.130418063246881,1.21650095855909,-208.402976897862
"166",6.99812264164676,0.373427419249932,1.08521789778588,0.218262296321346,0.483245156824591,0.211508478437355,0.310801801941991,0.111990246698876,1.37054906038226,-207.429679661687
"167",6.99297266794569,0.315055029336016,1.12529229633894,0.274296931908237,0.483484953292064,0.165869658119662,0.408017215431794,0.141047211461179,1.20085276296304,-206.536766228216
"168",7.06595790750601,0.35196075941779,1.01691990927377,0.267791156138951,0.478548148669093,0.178645935511929,0.290839550860578,0.273912284654894,1.09944484622501,-205.388940094083
"169",6.98866392910294,0.391457124981475,1.03441242436698,0.255774429544229,0.481224243658624,0.136956556131712,0.420609808173379,0.230642536793871,1.06357740912831,-203.427998882866
"170",7.10172263736646,0.355968808443859,1.04646597605144,0.269333936236915,0.485950294275038,0.15125897182799,0.51262077866792,0.237089395314124,1.07312968133972,-204.856677196912
"171",7.04597336982823,0.38093944229859,0.994011774301559,0.249086845877553,0.486289916701838,0.152386712802623,0.485210170288899,0.287761618869134,1.12316090920895,-204.468475553254
"172",6.99409639397298,0.373152568085427,1.02147782023337,0.27203201586411,0.483459628439821,0.136284649687455,0.507284075973478,0.263655311654623,1.02535490040948,-203.226077608933
"173",6.9935750086911,0.370982015384529,1.04768044005657,0.276323976148446,0.480643819941916,0.134604529174947,0.568846705865227,0.2422972236851,1.00942375593712,-202.538646292823
"174",7.04630909945747,0.35438594445958,1.05984719030376,0.270132954707772,0.473605592485571,0.128380576670079,0.614470368315853,0.212635583708877,1.08200185904211,-205.069050486027
"175",6.94739665604464,0.322171088099512,1.05230824485504,0.255893469600228,0.48085970918116,0.159812856277652,0.412259893512666,0.191859676472042,1.29917380083566,-205.948021669507
"176",6.99952561936301,0.281857660787312,1.02184454016518,0.318702485595867,0.486084156365513,0.304219110647697,0.213994492211313,0.29721005492668,1.08355984688847,-208.695316008926
"177",7.10801892618401,0.341284579140157,0.956663346815349,0.255726394778212,0.483900625297567,0.2868660912412,0.367156996080268,0.350801626685517,1.19975293428346,-206.684674227355
"178",6.99067572279332,0.360567504275407,0.929545782436462,0.235054771207021,0.495277944866299,0.365280629565677,0.41363258272252,0.409453461129439,1.29108705968373,-210.72372905903
"179",7.04971186007326,0.388817952101327,0.943049576948193,0.25879747019528,0.48806800780075,0.254080392921458,0.570520585430763,0.435567809076716,1.04486261655755,-205.578319764101
"180",7.00001908837968,0.385961539210514,0.948270006522749,0.267855972844699,0.487979465533679,0.273661133196249,0.47922963017728,0.459982442256777,1.01170043033938,-203.794994474505
"181",7.01303754622484,0.382499314807181,0.964083762630615,0.256205087138735,0.486480598824907,0.256264912241746,0.536029930613646,0.38739314280067,1.0822525790863,-204.151345709881
"182",6.91937890187983,0.369283579084785,0.958177482463292,0.277562558260689,0.476081037287767,0.247280555357984,0.33963030444548,0.402384341957024,1.01862013133802,-204.593103676363
"183",7.07757908526327,0.393022199172667,0.879518029748685,0.257857910575701,0.476267260792583,0.192457379348908,0.324886240172743,0.756530470976579,1.03467699009983,-204.799258708137
"184",7.08577760461787,0.399582136629425,0.873884904771887,0.260579052367383,0.475957829030851,0.196147013984132,0.32664089077487,0.791675905846317,1.00220985123906,-204.432498849946
"185",7.00821761910585,0.425206720961683,0.84420819502466,0.220284382079639,0.475059808344686,0.183242151742852,0.478418421679387,0.770445550053266,1.18780411777274,-205.98584907487
"186",7.16504552998657,0.366504215346602,0.789640398180793,0.231653647513316,0.48176193393445,0.288749867741475,0.400688375397045,1.16049906520037,1.26304831158359,-210.091154149154
"187",6.86806337806358,0.417672925839448,0.89200718092031,0.246310732254296,0.476820983413625,0.284528228285834,0.515436309564029,0.657415539828857,1.06669037669026,-206.234708255363
"188",6.96244923976247,0.344773651628594,0.907059516279349,0.250495542713982,0.474199024872774,0.265572395618285,0.470872464758921,0.55194285195605,1.24645931308594,-205.275975329276
"189",6.91193674675971,0.371535405834922,0.874906916925885,0.253435407652026,0.47490012861768,0.248029125428529,0.333035285974258,0.716152514197348,1.14709698026875,-205.628526123264
"190",7.14732616512333,0.339938248790811,0.814084647571308,0.257622367789613,0.479108966777839,0.223873953184059,0.368900389214166,1.24179580072359,1.18603546750411,-206.842750824801
"191",7.02261259683734,0.420811378510607,0.79859647043694,0.249065344377832,0.483906653126787,0.24649352026739,0.373289065467781,1.40566419122875,1.02024073386431,-205.536568077862
"192",7.05377553204691,0.40377800659214,0.814760504830844,0.255080091540988,0.480092887823004,0.264853603759298,0.435316655956426,1.34161157618127,1.02534194065786,-204.615279764755
"193",7.02745700890734,0.415411425489233,0.792579248901153,0.255132249321855,0.477476745152259,0.268888091247126,0.393823855086945,1.42448454254885,1.00008561180856,-205.125170025564
"194",7.04384662284818,0.378175384444878,0.829217372074766,0.247879722864239,0.470883640220032,0.278221931929703,0.296048780876112,1.01944333137557,1.13905094216166,-206.881744326052
"195",6.97232828503842,0.39913979943291,0.804772149854217,0.264333643593459,0.476598341403793,0.302523538199608,0.300688467235398,1.47579411329641,1.00005892705659,-206.133656188483
"196",7.04895464936682,0.369469983341263,0.857072929335693,0.268969443789435,0.481181252376026,0.325522337476853,0.415952611686621,0.957108377890778,1.04358711422905,-203.195643477176
"197",7.01756180155911,0.316125252927629,0.925405640755767,0.255591324261093,0.480781153091065,0.309635169307355,0.658863614818092,0.536200909684255,1.31286443013657,-207.077466344272
"198",6.99873763907355,0.342569824044106,1.00379864977886,0.284351844192867,0.482437903949295,0.22406475829726,0.646559124847834,0.335944757286901,1.04972294245357,-204.081414485687
"199",7.04394644354258,0.363938724695904,1.02303363071492,0.273976525780915,0.483603053106692,0.179550909055459,0.456159406382293,0.274051386118195,1.0336963776622,-202.903692946402
"200",6.97944658531235,0.360634596757874,1.03422674416239,0.280690620780109,0.479057833832048,0.178593165189989,0.593960200949351,0.281259618600731,1.01812112035056,-202.53356037929
"201",1.40296968156799,2.59839999397688,3.70383129813178,0.146455399099507,0.494874139429018,0.767116829563233,5.57370996082288,4.51486551523516,1.59869840037117,-6078.39656290142
"202",1.40399442815891,2.5954072643333,3.70327417897169,0.146435768211901,0.494938582581665,0.767160805637682,5.57363537091569,4.51500791088908,1.59962483394343,-6071.9976295795
"203",1.40417093913166,2.59434772499018,3.70302913126201,0.146465335101997,0.494994255576819,0.767239750237634,5.57355533052057,4.51333629925895,1.59969854171034,-6069.92727631829
"204",1.40513541501262,2.59226690220989,3.70361907509071,0.146478311463143,0.495090911691133,0.767258351861272,5.57158213444701,4.51355330523443,1.5997176687941,-6064.98729644595
"205",1.40499438922357,2.5923471362261,3.7032482523496,0.146475608470262,0.495109001096972,0.767443604995629,5.57206320094348,4.51386814274003,1.59986331213086,-6065.34534777301
"206",1.40537240161922,2.59223738020611,3.70347145556574,0.146478408211192,0.495099409484974,0.767558381798535,5.57098270613583,4.51377079257611,1.59946488769436,-6064.52817204332
"207",1.40623847066117,2.59242193633668,3.70364807501754,0.14639342607958,0.495027223006393,0.767775023754535,5.57034614394795,4.51585975668742,1.59945311397919,-6063.7332887848
"208",1.40729804423441,2.59041478091927,3.70402513714188,0.146359964690655,0.495127461552999,0.76781609747177,5.57066971778296,4.5154104271287,1.59991564575891,-6059.2517386629
"209",1.40713639710324,2.59190282134202,3.70380220505495,0.146344776169798,0.495018249377807,0.76778457745911,5.56920856381217,4.51543457288311,1.59937523273106,-6061.58839091534
"210",1.4074835315208,2.59077859673986,3.70404127356094,0.146359614658531,0.495014883556902,0.76782925556862,5.56946058655115,4.51578962305026,1.59948463759813,-6059.34934229185
"211",1.40845795710219,2.58973691091543,3.70368700293788,0.146372950552332,0.494983504281212,0.767961140798447,5.56967609049466,4.51708804339722,1.59885031438634,-6056.4296843322
"212",1.40942826320509,2.58640900550394,3.70443711183868,0.146406254434408,0.494961535754446,0.767685097291447,5.57064115119084,4.51656294588699,1.5993790918165,-6049.89581753358
"213",1.40982491491662,2.58664399085002,3.70314893699351,0.146421377542856,0.494678620791553,0.767691811610828,5.57122923723614,4.51744805327492,1.59859040078937,-6049.59550347956
"214",1.41037494407031,2.58215255779911,3.70109536451285,0.14654662296453,0.494896403696894,0.76760591284614,5.56895549080501,4.51537709815938,1.59914374908846,-6040.57057464253
"215",1.41275635037536,2.57623156310385,3.70317060094652,0.146573250682909,0.494951284095894,0.767913288611626,5.56872509211821,4.51699752789106,1.5997766971709,-6028.05232251311
"216",1.41467009335422,2.57209999946218,3.70241695219194,0.146601257715141,0.495043555819536,0.768159646854692,5.56791800371762,4.51568347639277,1.59982058460964,-6018.56464682648
"217",1.41521667275585,2.57070576648026,3.7023465746875,0.146670489917141,0.495129356657878,0.768213299355401,5.56817991415052,4.51435713013076,1.59918502386449,-6015.64390464813
"218",1.41507481653602,2.57061977856151,3.70229606751709,0.146649922620735,0.495199660865043,0.768121174407003,5.56869706790369,4.51321371887094,1.59966170158987,-6015.78803832986
"219",1.41499391569892,2.56917268566777,3.70171308188403,0.146719409734582,0.495065763799075,0.768333812201993,5.56919569681337,4.5137300368184,1.59976586964959,-6013.34607808192
"220",1.41523888507944,2.56848013460833,3.7020042982373,0.146718587740067,0.495017718711395,0.768337724451225,5.56879864411465,4.51320302729994,1.59993074214401,-6011.81154179246
"221",1.41588744242771,2.56724152096522,3.70267655975314,0.146748273204947,0.495023370698398,0.768209106989592,5.56858244461038,4.51366430716131,1.59959013887268,-6009.03206652218
"222",1.4159283520627,2.56612474106367,3.70206109021855,0.14679669248047,0.495131592950856,0.768052180293442,5.56819106847538,4.51361374047015,1.59962144573474,-6006.97363506062
"223",1.41626714962634,2.56540995953195,3.70165881333874,0.146816836752718,0.495075867711178,0.768017749595686,5.56708071475899,4.51321746731581,1.59942711942926,-6005.03422772732
"224",1.41688624056406,2.56292869704237,3.70160180028297,0.146850807948329,0.495129886536826,0.768142378404691,5.56538828455818,4.51286499754836,1.59984215777381,-5999.77877778788
"225",1.41727686143095,2.56363829713114,3.70129320359416,0.146816880046913,0.495169809101582,0.768132924456776,5.56540106881004,4.51375935287328,1.59939161953383,-6000.53063115104
"226",1.41779751958247,2.5605640064229,3.70257313105199,0.146910181030642,0.495234568738572,0.768025161996599,5.56525321153791,4.51469268670737,1.59953230775023,-5994.94044271225
"227",1.41780139764228,2.55876815780484,3.70284797955344,0.14697162581388,0.495374136752253,0.767987437031024,5.56476425412053,4.51588778461289,1.5998661186673,-5991.93860511475
"228",1.41817799899703,2.55784748460534,3.7028105904491,0.146990735068219,0.495214928721187,0.767813193374267,5.56579740844881,4.51470170910295,1.59977312778982,-5990.03360345014
"229",1.41814970615447,2.55660165087202,3.70280797382485,0.147075087846046,0.495200681310834,0.767816950099878,5.56523765344012,4.5155290449205,1.59950844959008,-5987.84000659296
"230",1.41853437711108,2.55693513404462,3.70332078132919,0.147008820874963,0.495100423405715,0.767661098638883,5.5654309301557,4.51625634346252,1.59971114361001,-5988.03024966475
"231",1.41829583026914,2.55556953400142,3.70397354755566,0.14708936886211,0.49529072899963,0.767635113200462,5.56583232006825,4.51477806098211,1.59980745068,-5986.28060766297
"232",1.41934294457777,2.55378400549318,3.70452351665899,0.147093590692892,0.495357246445298,0.767631207619594,5.56532688713818,4.51598663129159,1.59969107750098,-5982.10484392411
"233",1.41992156144159,2.55343979850991,3.70583272748981,0.147133074922492,0.495615228434629,0.767665532664288,5.56471229487102,4.51681309787533,1.59875157000544,-5981.12685322469
"234",1.42049417110354,2.55257372738683,3.70545951533978,0.147107600746708,0.495619885695118,0.767611862727444,5.5628133408836,4.51772840845155,1.59897392210017,-5978.56956236435
"235",1.42144815078407,2.55079757559754,3.70573568563998,0.147103338167633,0.495677762718942,0.767701381366079,5.56049259917162,4.51982051268312,1.59906776317859,-5974.10846469648
"236",1.42248816480469,2.54770893941399,3.70466782021403,0.147102357740431,0.49545129680966,0.767841980464424,5.56135254964922,4.51769975824124,1.59984831262403,-5967.53385092361
"237",1.42286883397758,2.54675993020846,3.70417851646584,0.147103872821306,0.495450987760675,0.767789921883548,5.56129816928579,4.51820384399129,1.59999697187338,-5965.41525970093
"238",1.42308403697325,2.54585763156419,3.70431300210267,0.147130251737367,0.495452789439519,0.767798617926329,5.56118518707922,4.51815151058088,1.5999855901892,-5963.64655335945
"239",1.42295876236125,2.54726948601283,3.70311807764035,0.147097065935237,0.495589147939632,0.768046088945935,5.56010644804044,4.51919226168507,1.59966259851895,-5965.86479315561
"240",1.42375491357145,2.5462797486987,3.70136713008659,0.147155561729108,0.495589789256189,0.76819159362068,5.55916083829727,4.51746697569251,1.5986440987439,-5962.79213579796
"241",1.4278928120228,2.53494321751705,3.70142263668835,0.147268826724556,0.495200151231399,0.768397746282406,5.5568356464034,4.5183955924865,1.59969604070546,-5938.28612189262
"242",1.4295196631247,2.53147255690534,3.7015238442459,0.147287110278766,0.49509604615267,0.768547750525845,5.55483852450456,4.5188789490355,1.59983328876235,-5930.15602848272
"243",1.42975351895093,2.53047573650056,3.70148311233209,0.147326595655742,0.495073324341871,0.768664537989911,5.55461158456618,4.5183622865745,1.59969877445817,-5928.14612770969
"244",1.42958965271444,2.52926607426891,3.70191032227961,0.147378645995638,0.495133408493936,0.768902653011779,5.55309551809372,4.51733276394167,1.59998432648576,-5926.08931628381
"245",1.42949423807964,2.52938423709804,3.7020076366721,0.147385672415849,0.495143315252552,0.768904257258879,5.55299916833416,4.51724528845921,1.59992690716997,-5926.39668363099
"246",1.42948107555162,2.52914066774148,3.70222759710258,0.147395185940577,0.49513053839589,0.769007086754131,5.55279810832506,4.51696825337472,1.59997459188414,-5925.98619482141
"247",1.42949630643943,2.53055726907115,3.70215855608824,0.147385662984344,0.49515721668333,0.769063130215695,5.55239075287791,4.51765155590708,1.59918307215417,-5928.27253005795
"248",1.43067347939418,2.53006615323961,3.70076856720676,0.147268681266037,0.495238310445133,0.769208945885731,5.54871078966027,4.51774540097255,1.59966636219196,-5925.1825954782
"249",1.43336207917816,2.52699543546482,3.6990169618512,0.147314939836813,0.495119512300115,0.769110385804774,5.5499589836642,4.51781448502447,1.59801736008989,-5916.88702839609
"250",1.4331803027388,2.52602157934454,3.69973824487458,0.147256134175065,0.495029892749696,0.76911823125192,5.54849300540488,4.51788409650509,1.59958499645547,-5915.21951481436
"251",1.43358189304106,2.52500006042263,3.7008989376989,0.147251879625725,0.495052718796474,0.769149793733104,5.54801327619919,4.51869276684808,1.59983805802465,-5913.16666579569
"252",1.43361187007065,2.5247227391596,3.70133741029421,0.14727175470615,0.495040353965246,0.769223176770756,5.54714151024241,4.51887118951387,1.59972711991202,-5912.55419371328
"253",1.43396541872577,2.52362490817139,3.70082778283659,0.147294831444296,0.495087071939989,0.769376725920023,5.54642483082351,4.51863101602931,1.59973447558821,-5910.11829451764
"254",1.43425617324361,2.52397978966741,3.69962098363275,0.147365412288639,0.495066924621384,0.769520093534988,5.54685764371971,4.5197606801521,1.59828705420813,-5910.28204156285
"255",1.43345201922008,2.52386852084427,3.69929818987481,0.147412615181236,0.49530190796169,0.769261773078608,5.54533064660724,4.51936002801405,1.59865357743722,-5910.79173534151
"256",1.43364229535494,2.51960504658143,3.69920626032675,0.147558510802941,0.49517001583591,0.769023380049123,5.54736527008116,4.51966003117281,1.59928933428496,-5903.78610680348
"257",1.43835882062928,2.50725999216137,3.6969363490025,0.147839290078683,0.495246240329047,0.768742386811932,5.54634506962095,4.52276631111456,1.59832475686197,-5877.43076493714
"258",1.43845470920689,2.50760539875176,3.69750771079442,0.147833734383735,0.495255328055971,0.768639037625377,5.54393198143138,4.52193313442101,1.59806853937321,-5877.48076753875
"259",1.43991683459361,2.50394108881797,3.69682387618036,0.147958587719166,0.494975356048104,0.768757884321665,5.54079940971859,4.52043739839456,1.59719892860948,-5868.7974783581
"260",1.44247283317026,2.49917555224854,3.69622869496448,0.148054454186845,0.49464055139625,0.769221193359589,5.54221357066421,4.52125157178776,1.59619502421248,-5858.01736377606
"261",1.44450228111637,2.48802869110353,3.69939733135705,0.148282197754697,0.494486942289031,0.769197368329494,5.54257269135675,4.5223403625464,1.59820724219206,-5837.85778375936
"262",1.44797733181316,2.48514441120241,3.69783240060203,0.14825845200135,0.49437364882158,0.769504374805789,5.54068002920428,4.52170418765117,1.59652225874337,-5828.46452855852
"263",1.44856930083209,2.47913699321368,3.69916280954612,0.148238739698169,0.494216095659887,0.769667697786307,5.53946041818616,4.52297446224181,1.59998667840418,-5817.83638873897
"264",1.44919693799574,2.48050224233903,3.69889199093488,0.14818227939291,0.494307308455149,0.769770064636805,5.53952038775862,4.52181596552521,1.59912851645044,-5819.36720479606
"265",1.44915217115349,2.4785534274097,3.69790345334204,0.148245870481976,0.49426910137133,0.769570105201541,5.54087730716683,4.52430097279791,1.59962935925017,-5816.36268553191
"266",1.44873991634771,2.47900342217014,3.69751604966278,0.148254614220842,0.494249444060576,0.769687161279335,5.54176842958622,4.52435870994766,1.5996833257943,-5817.67809883596
"267",1.4489707966383,2.47792994776068,3.69793899937397,0.148342927947327,0.49418869276485,0.769855206650613,5.53920559020375,4.52603019081311,1.59900290704933,-5815.18836517227
"268",1.45052614884605,2.47536444547848,3.6962603769476,0.148476026022949,0.494306637937533,0.770100523161427,5.53876121956966,4.52517970546439,1.59726080087537,-5808.94030098004
"269",1.4566284631093,2.46508165779474,3.69328539307136,0.148407065915786,0.494173790635985,0.76960285425084,5.53630342341945,4.52171704819703,1.59807577510862,-5784.16768606574
"270",1.45706203779474,2.46002289719081,3.69238406243026,0.148482110259933,0.494203363555387,0.76989733981229,5.53568337419683,4.51998311949359,1.5999354186114,-5775.19653690282
"271",1.45683648698626,2.46038470526094,3.69257304271524,0.148553002901204,0.494098539122307,0.769968391681934,5.53555862590471,4.52108001419427,1.59905114368431,-5775.99513754632
"272",1.45858995023598,2.45903279707847,3.69281882598139,0.14851453135552,0.494326639387693,0.770041467221386,5.5332218007031,4.51916266280457,1.59849305435912,-5771.49039268769
"273",1.45918749884746,2.45626938586036,3.69290034119643,0.148524785708886,0.494507356827453,0.769970693330394,5.53286955415066,4.51887626756863,1.5995063936872,-5766.38896133657
"274",1.46107788497017,2.4542877000438,3.69294896429396,0.14844260577449,0.494452024123746,0.769907946500597,5.53378779226791,4.52037545200603,1.59976620031414,-5761.22495704594
"275",1.46218740066948,2.45158114631015,3.69404044284163,0.148519326684702,0.494406534760572,0.769882774918016,5.53461795566906,4.52082041869403,1.59934631148025,-5755.9197677537
"276",1.46224447493467,2.4499213163649,3.69426960539414,0.148551552129396,0.494404570681805,0.769923372237869,5.53323000199147,4.52090350223773,1.59995968175202,-5752.9289222934
"277",1.46355661099129,2.4493253203753,3.6949247849085,0.148650075352534,0.494556038315408,0.770167283593981,5.53430842072313,4.52203686528965,1.59766959515188,-5750.92112787673
"278",1.46405723335029,2.44544579591213,3.69251767961806,0.148758178981249,0.494797913626711,0.770357950210914,5.53265035590641,4.52248880479841,1.59829154924315,-5743.54560252052
"279",1.46572590503497,2.44400081832649,3.6926794684879,0.148795129050674,0.494843915271387,0.770539564132914,5.53227401688358,4.52373794476764,1.59694983996245,-5739.3295617897
"280",1.46574497907885,2.44056025445489,3.69133154353623,0.148758821768878,0.494766174235135,0.770664757964375,5.52985612300749,4.52183376735728,1.59963885578254,-5732.99501801333
"281",1.46699324297638,2.43878749716753,3.69035422320137,0.148737326673685,0.494829547985245,0.770661973610011,5.52954420547519,4.52136887740373,1.5997110541004,-5728.55340433963
"282",1.46728643410076,2.43864033583437,3.69083962269237,0.148715275140929,0.494904792187741,0.770599103314825,5.52901811351782,4.5205572094569,1.59976653087186,-5727.99097650539
"283",1.46887853133388,2.43559919455442,3.69151976787998,0.148748274999335,0.494839153314482,0.770482356565107,5.52813577574306,4.51958791801967,1.59961092587498,-5721.18720381226
"284",1.46926915416496,2.43472561103686,3.69156326326613,0.148762381901872,0.49483785319663,0.770455680503381,5.52808425297223,4.51984483308245,1.59958122924581,-5719.34563927575
"285",1.46975313541361,2.43649771176956,3.69162520079817,0.14881513597821,0.494881619724121,0.770416928094041,5.52709503334717,4.52054741176971,1.59722604580689,-5721.48148635687
"286",1.47086685968223,2.4313455905405,3.69051187342027,0.148819530290696,0.494775963988775,0.770397882142623,5.52408425794183,4.51510983930936,1.59934318510837,-5711.043001654
"287",1.47162843505894,2.4291878517437,3.6900342396035,0.148823910653241,0.494799857376673,0.770397685731111,5.52385570390906,4.51416413039204,1.59988008185795,-5706.61544584546
"288",1.47214024103025,2.42814236351673,3.69010624481269,0.148862411301394,0.494878165450855,0.770085406913579,5.52683694848835,4.51327108841719,1.59952631989132,-5705.02686032509
"289",1.47308298492952,2.42667003288515,3.69025763605483,0.148860289714504,0.494889335938976,0.770109638301214,5.52778753573014,4.51251809435055,1.59949929537002,-5701.82899741041
"290",1.47294717171745,2.42720518294556,3.69082640983721,0.148849367059995,0.494766988291948,0.770076173475669,5.5292132310761,4.5130806920663,1.5994319696525,-5703.14756687317
"291",1.4734972211563,2.42656726664541,3.69043403663894,0.148793763729841,0.494843232349401,0.770017602078479,5.52960950023144,4.51337642437058,1.59995737046958,-5701.57951628811
"292",1.4749125122674,2.42479418867331,3.69014365548312,0.148774247389339,0.494816675771744,0.770145122376817,5.52860846146852,4.5134628264984,1.59983741643181,-5696.8882744156
"293",1.47516917811938,2.42435262473606,3.68902212123853,0.14876649151413,0.494812464957927,0.770272574075044,5.52901802750979,4.51346013667213,1.5999483832555,-5695.79986935416
"294",1.47790084192238,2.42065612666015,3.68750196840824,0.148732564639394,0.494853996849602,0.770541082002438,5.5299025143108,4.51425953123086,1.59985844462457,-5686.8130408987
"295",1.47932767438113,2.41617893556908,3.68755749486363,0.148844278289249,0.494648482238571,0.770771926102958,5.52956090370458,4.51637489851241,1.59986524004082,-5677.9310922955
"296",1.48064287249088,2.41423886248025,3.68779723927793,0.148890012210556,0.494611622456841,0.770746062694813,5.53047351013109,4.51517029660761,1.59915133341559,-5673.5564585802
"297",1.48088854765067,2.4135422339487,3.6874409929827,0.148860742883619,0.494649916505243,0.770960990362244,5.5307430717124,4.51475799125356,1.59971700942646,-5672.19416998878
"298",1.48100614776436,2.41095199424225,3.68709908733358,0.148990623387841,0.494745387433246,0.771101960187467,5.53251466166535,4.51628223923206,1.59966846587644,-5668.35313450096
"299",1.48032544361965,2.41032749417912,3.68707772836733,0.149076557132183,0.494842073838788,0.771036555581684,5.52990918468435,4.51696166982184,1.5997343704414,-5667.66573705791
"300",1.48088399345819,2.40962474262242,3.68723350686294,0.149053926372732,0.494940246606903,0.771216612501148,5.52931285889589,4.51704673407097,1.59988278410016,-5665.89135896963
"301",5.61654833221765,0.545535025085532,1.07433708333978,0.245803890729981,0.470587348129793,0.749879620596289,1.09246338879807,1.92282220761607,1.00139033483295,-725.816813004329
"302",5.6256520772363,0.544639255914333,1.07279424136127,0.245527451005068,0.471637192098048,0.749928955398275,1.09189875278689,1.92221215056769,1.00290911310185,-722.365877763928
"303",5.65555637518091,0.543685140212536,1.06778580356268,0.245320012084092,0.471848129602246,0.749701207718095,1.09131973248447,1.92047226394342,1.00047688090402,-708.150704514698
"304",5.65574014910851,0.543173158840705,1.06373531686872,0.24512060426028,0.469872051135878,0.749406580370542,1.09245858401961,1.91979572435798,1.00246681359894,-703.444103320168
"305",5.65753824231522,0.543367804162889,1.06001427318271,0.245323513604071,0.469036686138004,0.748991741571619,1.0933588157667,1.9191216337932,1.0006915729522,-697.578777249999
"306",5.66819992026877,0.542261536771755,1.0593447753259,0.245317606079919,0.469569899673821,0.749275615238444,1.09342544687837,1.91924386729442,1.00087891490773,-693.897658921162
"307",5.68202718295052,0.541605614576812,1.05963546977426,0.245072551371597,0.467699580958966,0.749426400719749,1.09421483958572,1.91899029415936,1.00097695557802,-690.695360337837
"308",5.69220674820983,0.540776211658587,1.05913611184679,0.244976698727643,0.466876210590086,0.749351113843136,1.09417980424363,1.91939087752814,1.00123801868652,-687.688935486293
"309",5.70024241830128,0.540446342162282,1.05848475199143,0.245038430393773,0.466495037795383,0.749357915767613,1.09424451306174,1.91903925565565,1.00010301289498,-684.45256163963
"310",5.70005299264166,0.540397978105968,1.05805947873575,0.245016510850528,0.467083253078627,0.749517961824677,1.09432345611973,1.91880248092626,1.00034428271258,-683.956065754679
"311",5.69976671962059,0.540581548136346,1.05757002106343,0.245005101170223,0.467534864042243,0.74962558088126,1.09458280011404,1.91863540927179,1.00011649835872,-683.296247887006
"312",5.69813081201264,0.540605448007254,1.05681619850952,0.245061448630493,0.467869101176695,0.749666211322137,1.09441433058011,1.91846928339203,1.00005474282919,-682.730184135442
"313",5.70007545314785,0.540638125160267,1.05625092766336,0.244992804544017,0.46798973610949,0.749760814936593,1.09418177049934,1.9185905320534,1.00002415068551,-681.706173317707
"314",5.69747014370646,0.540040687195192,1.05378274413807,0.245058927688561,0.467014229164537,0.750073462348864,1.09539048827597,1.91995566670702,1.00123030341055,-679.420814029072
"315",5.6917258574976,0.539394501103466,1.05136582624063,0.245222425418547,0.466660005242538,0.750275286726356,1.09446384765765,1.9219344811786,1.00255525070502,-678.513474328985
"316",5.70389048018654,0.539154242353828,1.05039184059281,0.245348925344871,0.468408637031514,0.750411396394112,1.09456934294398,1.92161191088156,1.00017922596089,-673.291637984788
"317",5.70658123599931,0.539732805677268,1.0505458895715,0.245085831022853,0.469188600547544,0.750639264691195,1.09492419765492,1.92131266035919,1.0000565355869,-673.017303980521
"318",5.70913782540492,0.5388907116005,1.04433070084001,0.24507448958597,0.46952934329398,0.7511925449943,1.09427661314998,1.9208557806834,1.00123210921479,-665.098793325714
"319",5.71486895737371,0.538459625959573,1.04258562637848,0.245108340718254,0.468847918547915,0.751301033294835,1.09406976255369,1.92222305088639,1.00084567168913,-661.532132279824
"320",5.72098125194091,0.538623242366629,1.03895538935317,0.244979671285693,0.469019077880126,0.751316405129874,1.09434468118027,1.92233134623792,1.0001680637149,-655.498101160215
"321",5.71981078538335,0.538479343442306,1.0384689367243,0.245006164447637,0.469268228266528,0.751318286634833,1.09429475710321,1.9221993634525,1.00049675368061,-655.220663366336
"322",5.72089202312669,0.537749540735785,1.03136250185693,0.245217304629925,0.471132485896189,0.751579445256403,1.09317792487986,1.92131159690232,1.00052287221583,-646.093667070588
"323",5.72384787279546,0.537774469006764,1.03105620636374,0.245186194766678,0.470893715047541,0.751674773956569,1.09349368488935,1.92080369328899,1.00012793592452,-644.750844224402
"324",5.7235395897679,0.537916916572981,1.03115795968963,0.245161594530871,0.471055958214661,0.751624854283952,1.09351986665562,1.92072687097589,1.0000498699545,-644.985208931798
"325",5.72453534811879,0.537820812750389,1.03115247899939,0.245146372684433,0.471405754115872,0.751633900416437,1.09339420311372,1.92067765761381,1.00013684888841,-644.808605410984
"326",5.7236709211596,0.538099671331505,1.02927131166033,0.245092156244668,0.471064924672346,0.751701802971035,1.09340656567761,1.9202771100296,1.0000624990466,-642.700664432897
"327",5.71817270230058,0.538161747777172,1.0294911892762,0.245199722953064,0.470319314142287,0.751603900415731,1.09331166300172,1.9205185604134,1.0003269806727,-644.316901882964
"328",5.73297290692042,0.537257878804218,1.02743980983562,0.244926704712558,0.472277313115981,0.751427192987185,1.09473295672141,1.92050833696436,1.00089907737088,-638.201348728875
"329",5.75616842490698,0.535627789498696,1.01781436882625,0.244643906158705,0.469674588088258,0.750993395384819,1.09469758047477,1.91961039699937,1.00143033081831,-620.309399031287
"330",5.7591503268923,0.535434456805046,1.0186891347348,0.244693562336701,0.469099418594183,0.750976687566981,1.09448595600225,1.92017192614558,1.00100422849802,-620.589399017574
"331",5.75827998098074,0.535725556053529,1.01761750797684,0.244737821881341,0.469257414556257,0.750872808099691,1.09440518846618,1.92003214816153,1.00037194674509,-619.310311425683
"332",5.75908722759772,0.535439140569349,1.01670815927784,0.244821238738638,0.468756996821487,0.750961062420107,1.09503948431785,1.9201391813149,1.00031528493371,-617.681026296034
"333",5.76101414092137,0.535136750991804,1.01793102731981,0.244885487378575,0.46918832252601,0.750891123833732,1.09550016720398,1.92013320161042,1.00019815697547,-618.481978855896
"334",5.76223602704261,0.534573835121351,1.01785049910861,0.244931932143447,0.469247711473535,0.750820290345985,1.09555295267919,1.92022047475126,1.00078768825851,-618.08014655936
"335",5.76117383898903,0.534885266413686,1.01561559959461,0.244972276989004,0.469982045751695,0.750909199146314,1.09568497318373,1.91976216735482,1.00017119840244,-615.321423222347
"336",5.76490978645902,0.534708544891758,1.0124556204188,0.244763591440167,0.470782806585347,0.751079149697154,1.0962686007766,1.92041036500389,1.00098244596489,-610.809678322698
"337",5.75204804849851,0.53558115543189,1.01079366209877,0.244813853586332,0.472507351894308,0.751399561712383,1.09639040638894,1.92012011428407,1.00131386836507,-612.188133399109
"338",5.74958290313445,0.536170727794936,1.01172148755552,0.244831989321188,0.472048891430468,0.75147357170809,1.09638246546385,1.9196227623867,1.00054351844359,-613.740245344685
"339",5.74982011689119,0.535959147550849,1.01229974730724,0.244849512198383,0.472353086183385,0.751505775426092,1.09678267086059,1.91922184586892,1.00080235456433,-614.314007445387
"340",5.76388643260074,0.533739147521717,1.00990995870127,0.244918143126452,0.47209474286437,0.75127404083889,1.09712229046554,1.91888483766942,1.00214047769571,-607.552223877567
"341",5.79307710726846,0.532967147610647,1.00820497966804,0.244596081331533,0.470801248808663,0.751349317107214,1.09736132135089,1.9182242841785,1.0002763245953,-597.790903073671
"342",5.79019159533121,0.532327401017344,1.00792212362667,0.244736418833751,0.47055225151917,0.750732165046214,1.09601443713756,1.91779715213223,1.00121693411411,-598.348178313856
"343",5.79813124801191,0.532267042513487,1.00713203637046,0.244652048227142,0.470009257687889,0.751033003646252,1.09611526066426,1.91843502244735,1.00041589199925,-595.3401463944
"344",5.80102769374496,0.531809319825758,1.0063572157171,0.244674774766158,0.470119820027858,0.751002715096825,1.09596355638534,1.91825481530186,1.00065393818865,-593.634521577092
"345",5.80983309561572,0.531424503240818,1.00641475091762,0.244575321809373,0.470974272747147,0.750858603204338,1.09614933491706,1.91831261461017,1.00039912490713,-591.60488835119
"346",5.8077133541859,0.531377740574608,1.0065233934971,0.244717650334293,0.4710302538853,0.750911000189682,1.09646196958693,1.91867660594802,1.00008176951234,-591.985043468214
"347",5.79478284403148,0.532162362244297,0.998834978132744,0.244617928588473,0.468785176055033,0.751238299625961,1.09511810151247,1.91988967227448,1.00137574432932,-586.241863071925
"348",5.79914305886409,0.532341591620653,0.997793711826285,0.244639235908061,0.468778059944477,0.751301928374639,1.09546296564655,1.91993861227102,1.00017061208062,-583.515971171905
"349",5.80253093176047,0.532380964217293,0.99728944416617,0.244533053967318,0.468551015914126,0.751163734375088,1.09552800975182,1.91984275644364,1.00008730147035,-582.142932299398
"350",5.80180112054159,0.532318196078042,0.997192342820699,0.244555114694025,0.468351237609495,0.751137423417636,1.09562009632844,1.91992262239836,1.00021159680921,-582.18837177166
"351",5.78742253529183,0.532773105993875,0.99340589571255,0.244625695794477,0.467554133780221,0.751078035334966,1.09468918495162,1.91927336184271,1.00145778833155,-581.340998112239
"352",5.80215242672362,0.532340209019181,0.991698834189454,0.244528156909893,0.467066956403537,0.751209183574706,1.09400363783471,1.91991197433896,1.00025562760197,-575.580735133058
"353",5.80676424572539,0.531865070900923,0.993911705310222,0.244434146284117,0.467018998499126,0.751465926956594,1.09392404832151,1.9207183762083,1.00086334449576,-577.54978235459
"354",5.80782718696522,0.531950061993609,0.994179998312068,0.244490577802673,0.466506186097768,0.751518187150448,1.09392900541949,1.92052191439267,1.00021464427217,-577.466219362624
"355",5.81130300819202,0.531547466281473,0.993678027120417,0.244460261261213,0.466843930431642,0.751515871545088,1.09407662517495,1.92041140045172,1.00053772231909,-575.948648942904
"356",5.80725299885644,0.531824720780245,0.994231867729502,0.244529118666269,0.46715077118148,0.751507264116897,1.09371351280862,1.92061727323969,1.00034056292449,-577.626305905153
"357",5.80915778577199,0.531661379095514,0.994646673361458,0.244549644567983,0.467388853907852,0.751552507978304,1.09366102654583,1.9206066282879,1.00020865368859,-577.602751010691
"358",5.80398042948342,0.532060974768061,0.993238445808606,0.244492200329331,0.466417389578287,0.751418634372031,1.09423195594053,1.92044480013176,1.00066013426017,-577.260749835776
"359",5.80853511399348,0.531726270769457,0.993114507594012,0.244435662751455,0.4661998734572,0.751625876507135,1.09409149582389,1.92087917597243,1.00081117260904,-576.142474289589
"360",5.81530257508812,0.530081081594542,0.9867565099871,0.244654743823905,0.464960468195123,0.751418829448161,1.09463534258266,1.92003512416446,1.00156062822175,-566.069850369134
"361",5.82495174256885,0.529580785803447,0.985674115441265,0.244733987899306,0.464842770244976,0.751631613878452,1.09486773419286,1.92021394490591,1.00041709178097,-561.934820206479
"362",5.81943356675487,0.529528303362353,0.984235241829992,0.244701774488756,0.465986886173645,0.75145767430634,1.09533926759456,1.91995899249776,1.00163952303572,-561.420565952226
"363",5.83614191075802,0.528166737925972,0.979476957954601,0.244789154704377,0.466079646482924,0.751599408842465,1.09565840271271,1.9195729266183,1.00087341657541,-550.741363370834
"364",5.83871765253521,0.528176991120386,0.977756707432905,0.244802316557807,0.466687696147824,0.75136166910397,1.09637232436874,1.920591281227,1.00034124021104,-547.715628185116
"365",5.84091202308506,0.528277695037832,0.975487766776614,0.2447478947381,0.467264483664496,0.751219389634948,1.09629305392753,1.92052789427295,1.00006917344523,-544.269502784968
"366",5.83375886246704,0.52935155182417,0.971365930059289,0.24445059416872,0.467076906082484,0.750830350691151,1.09745479421432,1.91936106585924,1.0008733070873,-541.103383129252
"367",5.83866345713422,0.527599118679343,0.969285102094982,0.244624624486068,0.467117665253981,0.750874191186302,1.09737095012206,1.91907748258728,1.00240943719406,-537.123561632099
"368",5.86074709959529,0.526445450473531,0.962173761370669,0.244599684122761,0.467070720318398,0.750584055321493,1.09819066148311,1.91876528051296,1.00095582685204,-522.220259834552
"369",5.87427837152108,0.525513381093395,0.95981309339016,0.244598567743292,0.467988217592684,0.750646561364556,1.09826145529034,1.9195709205265,1.000427433231,-515.770528284583
"370",5.89381154505662,0.524644602730515,0.951072017184242,0.24419716858078,0.465457219705317,0.750309736724637,1.0976959241147,1.91936132441533,1.00093629130433,-501.00424100401
"371",5.90538772906846,0.520947466371224,0.949769661792252,0.244131034963424,0.466524879012899,0.750678083848218,1.09733138785782,1.91888114006703,1.00642443952467,-497.061275672509
"372",5.93742099986223,0.521381504103718,0.942698354444614,0.244041304096638,0.467255551364877,0.750346444309774,1.09760642654294,1.92070496684576,1.00064784700082,-479.985100226138
"373",5.93828715305975,0.521500955190871,0.942363610973965,0.244070722861366,0.466476620522452,0.750431483028704,1.09764092534094,1.92031262862878,1.00011323756848,-479.323970466695
"374",5.92045055235408,0.521995651248978,0.941052557638197,0.244066486856302,0.466905526723374,0.750007199674551,1.09710715449191,1.92090172519079,1.0021986341612,-482.318742059099
"375",5.92694892810453,0.522793554956033,0.940275746744579,0.243910721566712,0.467016226173377,0.750339221890302,1.09728177775229,1.92031932452162,1.00041634519578,-479.697349941247
"376",5.92562394545971,0.522845039376595,0.936864145476234,0.243738203805448,0.469628436851086,0.75006121608337,1.0972146883324,1.91995568766982,1.00147814673404,-475.905549474591
"377",5.92766083531731,0.522280463663394,0.930328859552505,0.243558756187076,0.469012155467332,0.750049682295886,1.09779713763095,1.91910964780074,1.0031926117282,-467.67110621398
"378",5.94022493495401,0.520473569172768,0.921192768856159,0.244090621818236,0.467279530827871,0.750428622006873,1.09730882723519,1.91740149701501,1.00165247687564,-452.797054689149
"379",5.94233761036785,0.52066909353295,0.921200138374926,0.244196790489735,0.46596117852748,0.750272175792329,1.09829313885783,1.91634626059284,1.0003446612918,-452.049736483202
"380",5.94292535742677,0.520811860275949,0.920827941945035,0.24417981733911,0.465862994557286,0.750329605844981,1.09802418464753,1.91626726704109,1.00006350469957,-451.509785464393
"381",5.93673485038844,0.521078989617491,0.919401383058516,0.244265277567234,0.465862848749981,0.75022946456224,1.09827195997696,1.91596989280326,1.00012993234537,-451.160751196058
"382",5.93941141520041,0.520879180018112,0.919697431899958,0.244139142654455,0.465171780132845,0.750251150446851,1.09802127264624,1.9153067995174,1.00074639114608,-451.210082067813
"383",5.93905217657025,0.519699226761851,0.911940616366341,0.24423832145349,0.464752063649188,0.75074428175959,1.09916600909286,1.91599811397029,1.00254032216866,-442.32548475159
"384",5.95989624031937,0.519795088460338,0.910690243950023,0.243892059401693,0.464153260016634,0.750836875596639,1.09903954970038,1.91637833173915,1.00072619433392,-436.384053094769
"385",5.95927234607122,0.519058041878393,0.908253508285679,0.244066548230749,0.463339371124225,0.750902241016835,1.09896608811239,1.91616685121319,1.00130445281517,-433.827372365411
"386",5.95848367386447,0.518988813466709,0.907322770239391,0.24419155289762,0.46284915903149,0.750815197212577,1.09947989580767,1.91489237076879,1.00089231343266,-432.773415000062
"387",5.96775037900117,0.517214050550065,0.902140619496395,0.244299679293813,0.462064679199603,0.7510098752063,1.1002383068684,1.91443522033682,1.00218003416029,-424.915825195544
"388",5.97476081376265,0.517029428750175,0.900097120800483,0.24441449154718,0.460698789495757,0.750976495045632,1.09946992306309,1.91532836014174,1.00073912778011,-421.523454431656
"389",5.97978663383291,0.515999591031573,0.897956181999009,0.244434597374824,0.459479244280256,0.750669128439487,1.09876432849371,1.91528701534977,1.0017845780751,-418.737990365352
"390",5.98147326368857,0.514876249817268,0.890604482761707,0.244830983806282,0.461163878016179,0.75130428849467,1.09774796170117,1.91703559816494,1.00153645139742,-409.400533019176
"391",5.99414836740141,0.514277537888877,0.889328211439604,0.244834374007251,0.460970162998429,0.751165531089985,1.09671263949355,1.91766122966376,1.00056377978147,-405.258451288221
"392",5.99764542096137,0.514207068186724,0.888290639799976,0.244841346203353,0.46095136712591,0.751191886185152,1.09679403646834,1.91773580312385,1.0000797094527,-403.335547270149
"393",5.99014391892949,0.51403120707835,0.888747239774637,0.244900227448523,0.46112832195722,0.751284452925264,1.09632515016806,1.91790752787506,1.00135577797051,-405.538287824735
"394",6.00921172331332,0.513130070129557,0.887611826166453,0.244674636413913,0.461767764157496,0.751229062949776,1.09656450614441,1.91750791522378,1.00115229046835,-399.820602010264
"395",6.02672752306193,0.512879876268216,0.889557964241885,0.244417441860018,0.463108567110749,0.751155188020557,1.0971521022158,1.91822047214668,1.00012092487854,-397.519678875487
"396",6.02964063281256,0.513102817853861,0.890317630306087,0.244238842260392,0.462604269099959,0.751118287715283,1.09693514229073,1.91793606982541,1.00017042043679,-398.072126912815
"397",6.02984288344721,0.512870279547422,0.890389111721036,0.244247307184015,0.462236541598426,0.751007480927603,1.09699693448446,1.91789272069511,1.00054445647327,-398.263376211408
"398",6.03223625890936,0.511944688245331,0.890897722095647,0.244252868622351,0.463884402031989,0.750944096942273,1.09641744586861,1.9190828593818,1.00192554696236,-397.844254391935
"399",6.05149780512168,0.511829242383169,0.890739580789602,0.243981989548106,0.463615741621564,0.751041508983792,1.09759963269244,1.91832124221031,1.00042929016563,-393.519480366938
"400",6.07012229995009,0.51054374423029,0.889315794028152,0.243891946440575,0.463057621064024,0.751196659635763,1.0972934557611,1.91799804960979,1.00035927665286,-388.231283796205
